Text,Links
"One week STC on Micro Manufacturing from 4th to 8th January, 2021",https://pec.ac.in/sites/default/files/uploads/events/STC-MMCO-2021.pdf
"Chandigarh Administration has desired Shivalik Hostel to be used as a Quarantine Centre for COVID-19",https://www.pec.ac.in/sites/default/files/uploads/events/notice_shivalik_hostel_covid.pdf
"Manual to Access pec.edu.in Email ID",https://pec.ac.in/sites/default/files/uploads/events/Email_Manual.pdf
"As a precautionary measure against the spread of Corona Virus, teaching shall remain suspended in the institute indefinitely.",https://pec.ac.in/sites/default/files/uploads/events/corona_virus_urgent_notice.pdf
"Download Tender",https://pec.ac.in/sites/default/files/uploads/tenders/tender_cc_7-9-20.pdf
"Download Office Order",https://pec.ac.in/sites/default/files/office_orders/notice-1-9-20.PDF
"Download Office Order",https://pec.ac.in/sites/default/files/office_orders/office_order_1-9-2020.pdf
"Click Here to Download Data Submitted for Participation in National Institutional Ranking Framework (NIRF), India Rankings 2020",https://pec.ac.in/sites/default/files/uploads/nirf_2019-20.pdf
"Right to information",https://pec.ac.in/sites/default/files/uploads/RTI_mandatory_Info_07-01-2020.pdf
"Download the performa of Appeal",https://pec.ac.in/sites/default/files/uploads/rightinfo_12_form.pdf
"Third party audit report of RTI compliance",https://pec.ac.in/sites/default/files/uploads/audit_report_rti.pdf
"Balance Sheet for the F.Y. 2018-19",https://pec.ac.in/sites/default/files/uploads/balance_sheet_pec_18-19.pdf
"Balance Sheet for the F.Y. 2017-18",http://pec.ac.in/sites/default/files/uploads/balance_sheet_pec_17-18.pdf
"Balance Sheet for the F.Y. 2016-17",http://pec.ac.in/sites/default/files/uploads/balance_sheet_pec_16-17_final.pdf
"Balance Sheet for the F.Y. 2015-16",http://pec.ac.in/sites/default/files/uploads/balance_sheet_pec_15-16.pdf
"Balance Sheet for the F.Y. 2014-15",http://pec.ac.in/sites/default/files/uploads/balance_sheet_pec_14-15.pdf
"Balance Sheet for the F.Y. 2013-14",http://pec.ac.in/sites/default/files/uploads/balance_sheet_pec_13-14.pdf
"Balance Sheet for the F.Y. 2012-13",http://pec.ac.in/sites/default/files/uploads/balance_sheet_pec_12-13.pdf
"Balance Sheet for the F.Y. 2018-19",https://pec.ac.in/sites/default/files/uploads/balance_sheet_teqip_18-19.PDF
"Balance Sheet for the F.Y. 2017-18",https://pec.ac.in/sites/default/files/uploads/balance_sheet_teqip_17-18.PDF
"Balance Sheet for the F.Y. 2016-17",http://pec.ac.in/sites/default/files/uploads/teqip_balance_sheet_16-17_0.pdf
"Balance Sheet for the F.Y. 2015-16",http://pec.ac.in/sites/default/files/uploads/teqip_balance_sheet_15-16.pdf
"Balance Sheet for the F.Y. 2014-15",http://pec.ac.in/sites/default/files/uploads/teqip_balance_sheet_14-15.pdf
"Balance Sheet for the F.Y. 2016-17",http://pec.ac.in/sites/default/files/uploads/coe_balance_sheet_16-17.pdf
"Balance Sheet for the F.Y. 2015-16",http://pec.ac.in/sites/default/files/uploads/coe_balance_sheet_15-16.pdf
"Balance Sheet for the F.Y. 2014-15",http://pec.ac.in/sites/default/files/uploads/coe_balance_sheet_14-15.pdf
"Electrical Engineering",http://pec.ac.in/sites/default/files/uploads/faculty_ee_18-19-revised.pdf
"Electronics and Communication Engineering",http://pec.ac.in/sites/default/files/uploads/faculty_ee_18-19.pdf
"Production and Industrial Engineering",http://pec.ac.in/sites/default/files/uploads/faculty_pie_18-19.pdf
"Guidelines for Engaging Faculty in PEC",http://pec.ac.in/sites/default/files/uploads/guidelines_for_engaging_faculty_in_pec_updated.pdf
"Qualifications for Humanities and Management & TQM",http://pec.ac.in/sites/default/files/uploads/qualifications_for_humanities_and_management_updated.pdf
"Provision of Emeritus/Visiting/Chair Professor",http://pec.ac.in/sites/default/files/uploads/provision_of_emeritus_visiting_chair_professor_updated.pdf
"Engagement of Adjunct Faculty at PEC",http://pec.ac.in/sites/default/files/uploads/engagement_of_adjunct_faculty_at_pec_updated.pdf
"Selection Process for Direct Recruitment",http://pec.ac.in/sites/default/files/uploads/selection_process_for_direct_recruitment_updated.pdf
"UGC 2010",http://pec.ac.in/sites/default/files/uploads/ugc_2010_updated.pdf
"UGC 2013",http://pec.ac.in/sites/default/files/uploads/ugc_2013_updated.pdf
"UGC 2016",http://pec.ac.in/sites/default/files/uploads/ugc_2016_updated.pdf
"Selection Process",http://pec.ac.in/sites/default/files/uploads/process_to_be_followed_for_career_advancement_scheme_updated.pdf
"Guidelines for Re-employment of Supperannuated Teachers",http://pec.ac.in/sites/default/files/uploads/guidelines_for_re-employment_of_supperannuated_teachers_updated.pdf
"PDA Guidelines",http://pec.ac.in/sites/default/files/uploads/pda_guidelines_updated.PDF
"PDA Form",http://pec.ac.in/sites/default/files/uploads/pda_form.pdf
"PDF",http://pec.ac.in/sites/default/files/uploads/revised_sric_norms_wef_october_2016_dsric_updated.pdf
"Special Casual Leave",http://pec.ac.in/sites/default/files/uploads/Proforma-SCL-PL.pdf
"Study Leave",http://pec.ac.in/sites/default/files/uploads/study_leave_updated.pdf
"Child Care Leave",http://pec.ac.in/sites/default/files/uploads/child_care_leave_rules_updated.pdf
"Sabbatical Leave Rules",http://pec.ac.in/sites/default/files/uploads/pec_sabbatical_leave_rules_updated.pdf
"Faculty/Alumni/Staff Awards",http://pec.ac.in/sites/default/files/uploads/faculty_alumni_staff_awards_updated.pdf
"Allowance to Functionaries",http://pec.ac.in/sites/default/files/uploads/allowance_to_functionaries.pdf
"Application for LTC",http://pec.ac.in/sites/default/files/uploads/application_for_ltc.pdf
"Criteria for Ex-India Leave",http://pec.ac.in/sites/default/files/uploads/criteria_for_exindia_leave.pdf
"LTC along with Leave Encashment",http://pec.ac.in/sites/default/files/uploads/ltc_along_with_leave_encashment.pdf
"Retirement Age",http://pec.ac.in/sites/default/files/uploads/retirement_age.pdf
"Undertaking for Ex-India Leave",http://pec.ac.in/sites/default/files/uploads/undertaking_for_exindia_leave.pdf
"IQAC Annual Report 2011-12",https://pec.ac.in/sites/default/files/uploads/iqac_annual_report_11-12.pdf
"IQAC Annual Report 2013-14",https://pec.ac.in/sites/default/files/uploads/iqac_annual_report_13-14.pdf
"IQAC Annual Report 2014-15",https://pec.ac.in/sites/default/files/uploads/iqac_annual_report_14-15.pdf
"IQAC Annual Report 2015-16",https://pec.ac.in/sites/default/files/uploads/iqac_annual_report_15-16.pdf
"IQAC Annual Report 2016-17",https://pec.ac.in/sites/default/files/uploads/iqac_annual_report_16-17.pdf
"IQAC Annual Report 2017-18",https://pec.ac.in/sites/default/files/uploads/iqac_annual_report_17-18.pdf
"Production & Industrial Engineering (2015-19)",http://pec.ac.in/sites/default/files/uploads/scheme_production.pdf
"Production & Industrial Engineering",http://pec.ac.in/sites/default/files/uploads/syllabus_production.pdf
"Click Here for Programmes Structure & Syllabus (2018-Onwards)",http://pec.ac.in/sites/default/files/uploads/programme_transportation_2018.pdf
"Click Here for Programmes Structure & Syllabus (2018-Onwards)",http://pec.ac.in/sites/default/files/uploads/programme_water_resource_2018.pdf
"Click Here for Programmes Structure & Syllabus (2018-Onwards)",http://pec.ac.in/sites/default/files/uploads/programme_structural_2018.pdf
"Click Here for Programmes Structure & Syllabus (2018-Onwards)",http://pec.ac.in/sites/default/files/uploads/programme_cse_2018.pdf
"Click Here for Programmes Structure & Syllabus (2018-Onwards)",http://pec.ac.in/sites/default/files/uploads/programme_information_security_2018.pdf
"Click Here for Syllabus (2016-18)",http://pec.ac.in/sites/default/files/uploads/me_syllabus_civil_env.pdf
"Click Here for Programmes Structure & Syllabus (2018-Onwards)",http://pec.ac.in/sites/default/files/uploads/programme_environmental_2018.pdf
"Click Here for Programmes Structure & Syllabus (2018-Onwards)",http://pec.ac.in/sites/default/files/uploads/programme_ee_2018.pdf
"Click Here for Programmes Structure & Syllabus (2018-Onwards)",http://pec.ac.in/sites/default/files/uploads/programme_mechanical_2018.pdf
"Click Here for Programmes Structure & Syllabus (2018-Onwards)",http://pec.ac.in/sites/default/files/uploads/programme_electronics_2018.pdf
"Click Here for Programmes Structure & Syllabus (2018-Onwards)",http://pec.ac.in/sites/default/files/uploads/programme_vlsi_2018.pdf
"Click Here for Programmes Structure & Syllabus (2018-Onwards)",http://pec.ac.in/sites/default/files/uploads/programme_metallurgical_2018.pdf
"Click Here for Programmes Structure & Syllabus (2018-Onwards)",http://pec.ac.in/sites/default/files/uploads/programme_production_2018.pdf
"Click Here for Programmes Structure & Syllabus (2018-Onwards)",http://pec.ac.in/sites/default/files/uploads/programme_tqm_2018.pdf
"PhD Rules effective from 2014 Onwards",https://pec.ac.in/sites/default/files/uploads/phd_rules.pdf
"Rules and Procedures for Ph.D. Programmes(Applicable from academic session 2017-18 onwards)",http://pec.ac.in/sites/default/files/uploads/phd_2017-18.pdf
"Letter of Extension of Approval 2019-20",https://pec.ac.in/sites/default/files/uploads/EOA_Report_2019-20.PDF
"Letter of Extension of Approval 2018-19",http://pec.ac.in/sites/default/files/uploads/EOA%20Report_2018-19.PDF
"Letter of Extension of Approval 2017-18",http://pec.ac.in/sites/default/files/uploads/EOA%20Report%202017-18.PDF
"Letter of Approval 2015-16",http://www.pec.ac.in/sites/default/files/uploads/Letter%20Of%20Approval%202015-16.PDF
"Self Study Report (SSR) for First Cycle of Accreditation",https://pec.ac.in/sites/default/files/uploads/naac_ssr_pec.pdf
"The original name of the institute i.e. Punjab Engineering College with Deemed to be University in parenthesis is restored w.e.f 15.11.2017",http://www.pec.ac.in/sites/default/files/uploads/events/name_change_notification_1-12-17.pdf
"National Scholarship Portal",https://pec.ac.in/sites/default/files/attachments/nsp_notice.pdf
"Scholarship Programme for Diaspora Children",https://pec.ac.in/sites/default/files/attachments/sdpc_notice.pdf
"Scholarship Notice for Different Minority Communities",https://pec.ac.in/sites/default/files/attachments/scholarships_minority_communities_notice.pdf
"Top Class Scheme for SC Candidates",https://pec.ac.in/sites/default/files/attachments/top_class_sc.pdf
"Download Report",https://pec.ac.in/sites/default/files/uploads/iqac_aqar-2017-18.pdf
"Download Report",https://pec.ac.in/sites/default/files/uploads/iqac_aqar-2016-17.pdf
"Download Report",https://pec.ac.in/sites/default/files/uploads/iqac_aqar-2015-16.pdf
"Download Report",https://pec.ac.in/sites/default/files/uploads/iqac_aqar-2014-15.pdf
"Download Report",https://pec.ac.in/sites/default/files/uploads/iqac_aqar-2013-14.pdf
"Download Report",https://pec.ac.in/sites/default/files/uploads/iqac_aqar-2012-13.pdf
"Download Report",https://pec.ac.in/sites/default/files/uploads/iqac_aqar-2011-12.pdf
"Download Report",https://pec.ac.in/sites/default/files/uploads/iqac_aqar-2010-11.pdf
"Center of Excellence Siemens",https://pec.ac.in/sites/default/files/uploads/Siemens_CoE_PEC_compressed.pdf
iframe,https://pec.ac.in/sites/default/files/uploads/pdf/sponsored_research_projects_6-1-20.pdf
iframe,https://pec.ac.in/sites/default/files/uploads/pdf/completed_in-house_projects_list_dsric_updated.pdf
"Norms for incentives for faculty undertaking Sponsored Research applicable till 30-09-2016",http://pec.ac.in/sites/default/files/uploads/norms_for_incentives_for_faculty_undertaking_sponsored_research_applicable_till_30-09-2016_dsric_updated.pdf
"Consultancy Approval No. Form",http://pec.ac.in/sites/default/files/uploads/consultancy_approval_no._form_dsric_updated.pdf
"Testing Approval No. Form",http://pec.ac.in/sites/default/files/uploads/testing_approval_no_form_dsric_updated.pdf
"Request for Billing Form",http://pec.ac.in/sites/default/files/uploads/request_for_billing_form_dsric_updated.pdf
"Consultancy Distribution Form",http://pec.ac.in/sites/default/files/uploads/new_consultancy_distribution_form_sric%20_dsric_updated.pdf
"Old Consultancy Distribution Form",http://pec.ac.in/sites/default/files/uploads/old_distribution_form_for_job_nos_allocated_before_01-10-2016%20_dsric_updated.pdf
"Advance Form for Consultancy and Testing Projects",http://pec.ac.in/sites/default/files/uploads/advance_form_for_consultancy_and_testing_projects_dsric_updated.pdf
"Advance Form for Sponsored Research Projects",http://pec.ac.in/sites/default/files/uploads/advance_form_for_sponsored_research_projects_dsric_updated.pdf
"Advance Adjustment Form for Sponsored Research Projects",http://pec.ac.in/sites/default/files/uploads/advance_adjustment_form_dsric_updated.pdf
"Reimbursement of Direct Expenditure on Consultancy and Testing Project",http://pec.ac.in/sites/default/files/uploads/reimbursement_of_direct_expenditure_on_consultancy_and_testing_project-sric-_dsric__updated.pdf
"Incentive Form to Faculty for Undertaking Sponsored Research as per Old Norms",http://pec.ac.in/sites/default/files/uploads/incentive_form_to_faculty_as_old_norms%20_dsric_updated.pdf
"Distribution of PDF and Incentive for Consultancy Testing Project",https://pec.ac.in/sites/default/files/uploads/distribution_pdf_cp_2020.pdf
"Distribution of PDF and Incentive for Sponsored Projects",https://pec.ac.in/sites/default/files/uploads/distribution_pdf_sp_2020.pdf
"In-house Research Proposal Form",http://pec.ac.in/sites/default/files/uploads/in_house_project_form.pdf
"Application for Special Casual Leave/Project Leave",http://pec.ac.in/sites/default/files/uploads/project_leave.pdf
"Office Order No. PEC/DSA/2020/513 by Dean Student Affairs",https://pec.ac.in/sites/default/files/uploads/notice_dsa_corona_virus_17-03-2020.pdf
"Office Order No. PEC/EO/4997 by Estate Office",https://pec.ac.in/sites/default/files/uploads/events/estate_office_notice_19-3-2020.pdf
"Office Order No. PEC/EO/4996 by Estate Office",https://pec.ac.in/sites/default/files/uploads/estate_office_notice_1_19-3-2020.pdf
"Rules & Instructions for Hostel Residents (During COVID-19)",https://pec.ac.in/sites/default/files/uploads/Rules%20%26%20Instructions%20for%20Hostels%20during%20COVID-19_compressed.pdf
"Circular regarding Advisory for Institutions and Colleges – COVID19 by AICTE",https://aicte-india.org/sites/default/files/Covid19-Circular.pdf
"Download Detail",https://pec.ac.in/sites/default/files/uploads/jobs/Rolling%20Advertisment%20_2018.pdf
"Download Application Form",https://pec.ac.in/sites/default/files/uploads/jobs/application_form_19-7-18.pdf
"Download Corrigendum Dated 16-08-2018",https://pec.ac.in/sites/default/files/uploads/jobs/corrigendum_16-8-18.pdf
"Download Corrigendum Dated 01-01-2020",https://pec.ac.in/sites/default/files/uploads/pdf/corrigendum_1-1-2020.pdf
iframe,https://pec.ac.in/sites/default/files/uploads/pdf/Rolling%20Advertisment%20_2018.pdf
"Click Here to View Award",https://pec.ac.in/sites/default/files/uploads/events/sanjeev_kumar_award.pdf
"Click Here to Download Time Table",https://pec.ac.in/sites/default/files/uploads/tt_aero_20211.pdf
"Click Here to Download Time Table",https://pec.ac.in/sites/default/files/uploads/tt_civil_20211.pdf
"Click Here to Download Time Table",https://pec.ac.in/sites/default/files/uploads/tt_cse_20211.pdf
"Click Here to Download Time Table",https://pec.ac.in/sites/default/files/uploads/tt_ele_20211.pdf
"Click Here to Download Time Table",https://pec.ac.in/sites/default/files/uploads/tt_ece_20211_1.pdf
"Click Here to Download Time Table",https://pec.ac.in/sites/default/files/uploads/tt_metta_20211.pdf
"Click Here to Download Datesheet",https://pec.ac.in/sites/default/files/uploads/datesheet_mid_sem_civil_19202.pdf
"Click Here to Download Datesheet",https://pec.ac.in/sites/default/files/uploads/datesheet_mid_sem_cse_19202.pdf
"Click Here to Download Datesheet",https://pec.ac.in/sites/default/files/uploads/datesheet_mid_sem_ee_19202_revised.pdf
"Click Here to Download Datesheet",https://pec.ac.in/sites/default/files/uploads/datesheet_mid_sem_prod_19202.pdf
"Academic Calendar for 20211 semester (July-Dec2020)",https://pec.ac.in/sites/default/files/uploads/academic_calendar_20211.pdf
"Click Here to Download Brochure",https://pec.ac.in/sites/default/files/uploads/jac_brochure_17.pdf
"Click Here to Download Brochure",https://pec.ac.in/sites/default/files/uploads/jac_brochure_16.pdf
"Click Here to Download Brochure",https://pec.ac.in/sites/default/files/uploads/jac_brochure_15.pdf
"Click Here to Download Brochure",https://pec.ac.in/sites/default/files/uploads/jac_brochure_14.pdf
"Click Here to Download Brochure",https://pec.ac.in/sites/default/files/uploads/jac_brochure_13.pdf
"Prospectus – 2017 – 2018",https://pec.ac.in/sites/default/files/attachments/prospectus_17-18.pdf
"Prospectus – 2015 – 2016",https://pec.ac.in/sites/default/files/attachments/prospectus-1516.pdf
"Prospectus – 2014 – 2015",https://pec.ac.in/sites/default/files/attachments/Prospectus-2014-15.pdf
"Prospectus – 2013 – 2014",https://pec.ac.in/sites/default/files/attachments/Prospectus-2013-14.pdf
"Prospectus – 2012 – 2013",https://pec.ac.in/sites/default/files/attachments/Prospectus-2012-131.pdf
"Prospectus – 2011 – 2012",https://pec.ac.in/sites/default/files/attachments/Prospectus-2011-12.pdf
"Prospectus – 2010 – 2011",https://pec.ac.in/sites/default/files/attachments/Prospectus-2010-11.pdf
"Sexual Harassment at Workplace - Annual Report 2017-18",http://pec.ac.in/sites/default/files/uploads/sexual_harassment_annual_report-18.pdf
"Sexual Harassment Report 2018",http://pec.ac.in/sites/default/files/uploads/sexual_harassment_report.pdf
iframe,https://pec.ac.in/sites/default/files/uploads/pdf/sexual_harassment.pdf
"English Version",https://pec.ac.in/sites/default/files/uploads/updatedraggingnotification.pdf
"Hindi Version",https://pec.ac.in/sites/default/files/uploads/updatedhindiversion.pdf
"Public Notice on Curbing the Menace of Ragging in AICTE Approved Institutions.",http://pec.ac.in/sites/default/files/uploads/AICTE_curbing_the_menace_of_ragging.pdf
iframe,https://pec.ac.in/sites/default/files/uploads/pdf/pec_anthem_updated.pdf
"Delegation Document",https://pec.ac.in/sites/default/files/uploads/delegation_document_10-12-15.pdf
"MOA and BYE Laws",https://pec.ac.in/sites/default/files/uploads/Amended-MOA-PEC.pdf
"Ordinances",https://pec.ac.in/sites/default/files/uploads/ordinance_0.pdf
"Part 1",https://pec.ac.in/sites/default/files/uploads/senate-manu-1_2.pdf
"Part 2",https://pec.ac.in/sites/default/files/uploads/SENATE-Mnu.-2.pdf
"Senate Manual (Modified)",https://pec.ac.in/sites/default/files/uploads/minutes_senate_79_annexure_B_senate_manual.pdf
"National Policy on Education",https://pec.ac.in/sites/default/files/uploads/npe86_0.pdf
"Faculty Handbook",https://pec.ac.in/sites/default/files/uploads/facultyhandbook_0.pdf
"Security Policy",http://pec.ac.in/sites/default/files/uploads/security_policy_draft_updated_0.pdf
"Furniture Policy",http://pec.ac.in/sites/default/files/uploads/new_furniture_policy_2013_updated_0.pdf
"Objectives, Norms & Guidelines",https://pec.ac.in/sites/default/files/uploads/normsforcoursesandtraining.pdf
"Flow Chart of purchase procedure (Above Rs 1.00 Lac )",https://pec.ac.in/sites/default/files/uploads/purchase-process-above-1-lac.pdf
"Flow Chart of purchase procedure (Above Rs 15,000/- and upto Rs 1.00 Lac)",https://pec.ac.in/sites/default/files/uploads/purchase-process-below-1-lac.pdf
"Important Guidelines for purchase of Goods",https://pec.ac.in/sites/default/files/uploads/guidelines-for-purchase_0.pdf
"Purchase Manual",https://pec.ac.in/sites/default/files/uploads/purchasemanual_new_0.pdf
"Click here for List",https://pec.ac.in/sites/default/files/uploads/seniority_list_HAS_faculty_27-11-15.pdf
"Click here for Notice",https://pec.ac.in/sites/default/files/uploads/notice_hac_27-11-15.pdf
"Application for allotment of house in PEC Campus",https://pec.ac.in/sites/default/files/uploads/consent_form.pdf
"Application Form for issue of Vehicle Sticker",http://pec.ac.in/sites/default/files/uploads/vehicle_sticker_form_updated.pdf
"Application Form for The Festival Advance",https://pec.ac.in/sites/default/files/uploads/festival_advance.pdf
"Computer & peripherals requisition Form",http://pec.ac.in/sites/default/files/uploads/proforma_computer_peripherals_updated_0.pdf
"Departure Report Performa (when proceeding for internship supervision of students)",http://pec.ac.in/sites/default/files/uploads/departure_performa_updated.pdf
"Notice and Performa for Mobile Phone Allowance",http://pec.ac.in/sites/default/files/uploads/notice_and_performa_for_mobile_updated_0.pdf
"Performa for Calling Facility",https://pec.ac.in/sites/default/files/uploads/CallingFacility.pdf
"Performa for Reimbursement of Telephone Bills",https://pec.ac.in/sites/default/files/uploads/telephone-bills-reimbursement-performa.pdf
"Proposal for Courses & Training Programmes",http://pec.ac.in/sites/default/files/uploads/coursetrainingprogramproposalandotheforms-1_updated.pdf
"Proforma for Identity-cum Dependent Card",https://pec.ac.in/sites/default/files/uploads/proforma_icard_pec.pdf
"No Dues Certificate (for retiring employees)",https://pec.ac.in/sites/default/files/uploads/no_dues_retirement_pec.pdf
"Undertaking for Fresh and renewal of Passport",https://pec.ac.in/sites/default/files/uploads/undertaking_passport_pec.pdf
"Form for Nominations",https://pec.ac.in/sites/default/files/uploads/form_nomination_pec.pdf
"Proforma for L.T.C",https://pec.ac.in/sites/default/files/uploads/proforma_ltc_pec.pdf
"Application form for Special Casual Leave/ Project Leave",https://pec.ac.in/sites/default/files/uploads/Proforma-SCL-PL.pdf
"Casual Leave/Restricted Holiday Leave Form",http://pec.ac.in/sites/default/files/uploads/casualleave_updated.pdf
"Ex-India Leave",http://pec.ac.in/sites/default/files/uploads/ex-Indialeaveform_updated.pdf
"Vacation Leave – Faculty",http://pec.ac.in/sites/default/files/uploads/vacation_leave_form_faculty_updated.pdf
"Vacation Leave – Staff",http://pec.ac.in/sites/default/files/uploads/vacation_leave_form_staff_updated.pdf
"Gropup C",https://pec.ac.in/sites/default/files/uploads/group_c_4-9-19.pdf
"Group D",https://pec.ac.in/sites/default/files/uploads/group_d_4-9-19.pdf
"Medium of Instructions Certificate",https://pec.ac.in/sites/default/files/uploads/medium_instructions_certificate_14-2-2020.pdf
"Consolidated Grades Sheet Certificate",https://pec.ac.in/sites/default/files/uploads/consolidated_grades_certificate_14-2-2020.pdf
"Certificate for BE/B.Tech. Final Year Students",https://pec.ac.in/sites/default/files/uploads/certificate_btech_2019.pdf
"Percentage Conversion Certificate",https://pec.ac.in/sites/default/files/uploads/percentage_conversion_certificate_14-2-2020.pdf
"Equivalence Certificate",http://pec.ac.in/sites/default/files/uploads/equivalence_certificate_updated.pdf
"Internship of Students of Other Institutes at PEC",https://pec.ac.in/sites/default/files/uploads/internship_pec_other.pdf
"CAS 2018 Notice",https://pec.ac.in/sites/default/files/uploads/cas_2018_notice.pdf
"CAS-2018 Public Notice on Academic Integrity",https://pec.ac.in/sites/default/files/uploads/cas_18_nai.pdf
"Counting of past service for CAS-2018",https://pec.ac.in/sites/default/files/uploads/cas_2018_notice_past_service.pdf
"Notice regarding date of extension for CAS Notice Dated 28.11.2018",http://pec.ac.in/sites/default/files/uploads/CAS- 2017 Date extend.pdf
"CAS Notice Dated 28.11.2018",http://pec.ac.in/sites/default/files/uploads/cas_notice_6-12-18.pdf
"SAR Letter",http://pec.ac.in/sites/default/files/uploads/sar_letter.pdf
"Custom and GST Exemption Certificate",https://pec.ac.in/sites/default/files/uploads/pec_gst_custom_duty_certificate.pdf
"TA/DA rules",https://pec.ac.in/sites/default/files/uploads/TA-RULES.pdf
"Empanelment of Vendors for Providing Taxi Services",https://pec.ac.in/sites/default/files/uploads/hiring_taxi_30-7-20.pdf
"Service Tax No.",https://pec.ac.in/sites/default/files/uploads/Central-board-of-excise-and-customs.pdf
"Educational Institute",https://pec.ac.in/sites/default/files/uploads/Chief-commissioner-of-income-tax.pdf
"PAN/TAN",https://pec.ac.in/sites/default/files/uploads/Income-tax-pan-services-unit.pdf
"Custom Duty Exemption Certificate",https://pec.ac.in/sites/default/files/uploads/Certificate-of-Registration.pdf
"Registration u/s 12 A(a) of Income Tax Act",https://pec.ac.in/sites/default/files/uploads/government-of-India-Income-tax.pdf
"VAT on sale of Institute Scrap",https://pec.ac.in/sites/default/files/uploads/Circular-Prevalent-taxation-laws.pdf
"Order u/s 89 G(5)(vi) of Income Tax Act",https://pec.ac.in/sites/default/files/uploads/office-of-the-commissioner-of-income-tax-I.pdf
"TDS / Service Tax",https://pec.ac.in/sites/default/files/uploads/tds.pdf
"Application Form for Final Payment Gazetted Officer",http://pec.ac.in/sites/default/files/uploads/application_form_for_final_payment_gazetted_officer_updated.pdf
"Application Form for Final Payment in Death Case",http://pec.ac.in/sites/default/files/uploads/application_form_for_final_payment_in_death_case_updated.pdf
"Application Form for Final Payment Non Gazetted Officer",http://pec.ac.in/sites/default/files/uploads/application_form_for_final_payment_non_gazetted_officer_updated.pdf
"Application Form for Non refundable GPF Advance",http://pec.ac.in/sites/default/files/uploads/application_form_for_non_refundable_gpf_advance_updated.pdf
"Application Form for Submission of Saving Documents (TDS)",http://pec.ac.in/sites/default/files/uploads/application_form_for_submission_of_saving_documents_tds_updated.pdf
"Application Form for Temporary Advance",http://pec.ac.in/sites/default/files/uploads/application_for_temporary_advance_updated.pdf
"Income Tax Assessment Form F.Y 2018-19",http://pec.ac.in/sites/default/files/uploads/income_tax_assessmen_form_fy_2018-19_updated.pdf
"Application Form for Claiming Refund of Medical Expenses",http://pec.ac.in/sites/default/files/uploads/medical_performa_updated.pdf
"TA/DA Claim",http://pec.ac.in/sites/default/files/uploads/viva_TA_DA_claim_updated.pdf
"Application Form for Grant of Permission for Participation in Tournament",http://pec.ac.in/sites/default/files/uploads/toutnament_permission_sports.pdf
"Download Tender",https://pec.ac.in/sites/default/files/uploads/tenders/tender_ece_28-8-20.pdf
"Download Bid Document",https://pec.ac.in/sites/default/files/uploads/tenders/tender_cc_25-8-20.pdf
"Download Bid Document",https://pec.ac.in/sites/default/files/uploads/tenders/tender_cc_11-8-20.pdf
"Download Tender",https://pec.ac.in/sites/default/files/uploads/tenders/tender_cc_11-8-20-1.pdf
"Download Corrigendum",https://pec.ac.in/sites/default/files/uploads/tenders/corrigendum_cc_20-8-20.pdf
"Download Revised Tender",https://pec.ac.in/sites/default/files/uploads/tenders/tender_ece_14-8-20.pdf
"Download Tender (1)",https://pec.ac.in/sites/default/files/uploads/tenders/tender_metta_9-7-20.pdf
"Download Tender (2)",https://pec.ac.in/sites/default/files/uploads/tenders/tender_metta_1_9-7-20.pdf
"Download Tender (3)",https://pec.ac.in/sites/default/files/uploads/tenders/tender_metta_2_9-7-20.pdf
"Download Tender",https://pec.ac.in/sites/default/files/uploads/tenders/tender_admin_3-7-20.pdf
"Download Tender",https://pec.ac.in/sites/default/files/uploads/tenders/tender_dsa_18-6-20.pdf
"Download Tender",https://pec.ac.in/sites/default/files/uploads/tenders/tender_estate_18-5-19.pdf
"2015- 2016 Placed Students",http://pec.ac.in/sites/default/files/uploads/BE%20Placement%20Data%202015-16_Web.pdf
"2016- 2017 Placed Students",http://pec.ac.in/sites/default/files/uploads/BE%20Placement%20Data%202016-17_Web.pdf
"2017- 2018 Placed Students",http://pec.ac.in/sites/default/files/uploads/BE%20Placement%20Data%202017-18_Web.pdf
"Placement Brochure 2020-21",https://pec.ac.in/sites/default/files/uploads/placement_brochure_pec_20-21.pdf
"Placement Brochure 2018-19",http://pec.ac.in/sites/default/files/uploads/placement_brochure_18-19-compressed.pdf
"Departmental Brochure: Aerospace Engineering",http://pec.ac.in/sites/default/files/attachments/Aerospace%281%29.pdf
"Departmental Brochure:Civil Engineering",http://pec.ac.in/sites/default/files/attachments/Civil.pdf
"Departmental Brochure: Computer Science & Engineering",http://pec.ac.in/sites/default/files/attachments/CSE.pdf
"Departmental Brochure: Electrical Engineering",http://pec.ac.in/sites/default/files/attachments/Electrical.pdf
"Departmental Brochure: Electronics and Communication Engineering",http://pec.ac.in/sites/default/files/attachments/ECE.pdf
"Departmental Brochure: Mechanical Engineering",http://pec.ac.in/sites/default/files/attachments/Mechanical.pdf
"Departmental Brochure: Materials & Metallurgical Engineering",http://pec.ac.in/sites/default/files/attachments/Metallurgy.pdf
"Departmental Brochure: Production and Industrial Engineering",http://pec.ac.in/sites/default/files/attachments/Production.pdf
"Click here to Download Placement Report for 2015-16",https://pec.ac.in/sites/default/files/attachments/Placement%20report%2015-16.pdf
"Click here to Download Placement Report for 2014-15",https://pec.ac.in/sites/default/files/attachments/Placement%20Report%202014-15_0.pdf
"Industrial Training Form for M.Tech Students",https://pec.ac.in/sites/default/files/attachments/Industrial%20Training%20Form%20for%20M.Tech_.pdf
"Industrial Training Form for 6 Months for B.Tech Students",https://pec.ac.in/sites/default/files/attachments/Industrial%20Training%20Form%20for%20%206%20Months%20%28B.Tech%29.pdf
"Summer or Winter Industrial Training Form For B.Tech Students",https://pec.ac.in/sites/default/files/attachments/Form%20-%204-6%20WeeksTraining.pdf
"Click here for the press release for 'A Case Study on Mitigating Traffic Congestion of Chandigarh - Nayagaon Stretch' conducted by ASCE PEC",https://pec.ac.in/sites/default/files/uploads/events/mitigating_traffic_case_study_pec.pdf
"Download Brochure: One Week Online FDP on Data Science from 4th to 8th May, 2020",https://pec.ac.in/sites/default/files/uploads/events/Data%20Science.pdf
"Download Brochure: One Week Online FDP on Blockchain Technology from 11th to 15th May, 2020",https://pec.ac.in/sites/default/files/uploads/events/BlockChain.pdf
"Download Minutes",https://pec.ac.in/sites/default/files/uploads/minutes_62_bog.pdf
"Download Minutes",https://pec.ac.in/sites/default/files/uploads/minutes_61_bog.PDF
"Download Minutes",https://pec.ac.in/sites/default/files/uploads/minutes_60_bog.pdf
"Download Minutes",https://pec.ac.in/sites/default/files/uploads/minutes_59_bog.PDF
"Download Minutes",http://pec.ac.in/sites/default/files/uploads/minutes_58_bog.pdf
"Download Minutes",http://pec.ac.in/sites/default/files/uploads/minutes_bog_57th_meeting.pdf
"Download Minutes",http://pec.ac.in/sites/default/files/uploads/minutes_bog_meeting_56th.pdf
"Download Minutes",http://pec.ac.in/sites/default/files/uploads/minutes_bog_meeting_55th.pdf
"Download Minutes",http://pec.ac.in/sites/default/files/uploads/bog_meeting_54th.pdf
"Download Minutes",http://pec.ac.in/sites/default/files/uploads/bog_meeting_53rd.pdf
"Download Minutes",http://pec.ac.in/sites/default/files/uploads/bog_meeting_52nd.pdf
"Download Minutes",http://pec.ac.in/sites/default/files/uploads/bog_meeting_51st.pdf
"Download Minutes",http://pec.ac.in/sites/default/files/uploads/bog_meeting_50th.pdf
"Download Minutes",http://pec.ac.in/sites/default/files/uploads/bog_meeting_49th.pdf
"Download Minutes",http://pec.ac.in/sites/default/files/uploads/bog_meeting_48th.pdf
"Download Minutes",http://pec.ac.in/sites/default/files/uploads/bog_meeting_47th.pdf
"Download Minutes",http://pec.ac.in/sites/default/files/uploads/bog_meeting_46th.pdf
"Download Minutes",http://pec.ac.in/sites/default/files/uploads/bog_meeting_44th.pdf
"Download Minutes",http://pec.ac.in/sites/default/files/uploads/bog_meeting_43rd.pdf
"Download Minutes",http://pec.ac.in/sites/default/files/uploads/bog_meeting_42nd.pdf
"Download Minutes",http://pec.ac.in/sites/default/files/uploads/bog_meeting_39th.pdf
"Download Minutes",http://pec.ac.in/sites/default/files/uploads/bog_meeting_37th.pdf
"Download Minutes",http://pec.ac.in/sites/default/files/uploads/bog_meeting_36th.pdf
"Download Minutes",http://pec.ac.in/sites/default/files/uploads/bog_meeting_35th.pdf
"Download Minutes",http://pec.ac.in/sites/default/files/uploads/bog_meeting_34th.pdf
"Download Minutes",http://pec.ac.in/sites/default/files/uploads/bog_meeting_33rd.pdf
"Download Minutes",http://pec.ac.in/sites/default/files/uploads/bog_meeting_32nd.pdf
"Download Minutes",http://pec.ac.in/sites/default/files/uploads/bog_meeting_31st.pdf
"Download Minutes",http://pec.ac.in/sites/default/files/uploads/bog_meeting_30th.pdf
"Download Minutes",http://pec.ac.in/sites/default/files/uploads/bog_meeting_29th.pdf
"Download Minutes",http://pec.ac.in/sites/default/files/uploads/bog_meeting_28th.pdf
"Download Minutes",http://pec.ac.in/sites/default/files/uploads/bog_meeting_27th.pdf
"Download Minutes",http://pec.ac.in/sites/default/files/uploads/bog_meeting_26th.pdf
"Download Minutes",http://pec.ac.in/sites/default/files/uploads/bog_meeting_25th.pdf
"Download Minutes",http://pec.ac.in/sites/default/files/uploads/bog_meeting_23rd.pdf
"Download Minutes",http://pec.ac.in/sites/default/files/uploads/bog_meeting_21st.pdf
"Download Minutes",http://pec.ac.in/sites/default/files/uploads/bog_meeting_19th.pdf
"Download Minutes",http://pec.ac.in/sites/default/files/uploads/bog_meeting_18th.pdf
"Download Minutes",http://pec.ac.in/sites/default/files/uploads/bog_meeting_17th.pdf
"Download Minutes",http://pec.ac.in/sites/default/files/uploads/bog_meeting_16th.pdf
"Download Minutes",http://pec.ac.in/sites/default/files/uploads/bog_meeting_15th.pdf
"Download Minutes",http://pec.ac.in/sites/default/files/uploads/bog_meeting_14th.pdf
"Download Minutes",http://pec.ac.in/sites/default/files/uploads/bog_meeting_13th.pdf
"Download Minutes",http://pec.ac.in/sites/default/files/uploads/bog_meeting_12th.pdf
"Download Minutes",http://pec.ac.in/sites/default/files/uploads/bog_meeting_10th.pdf
"Download Minutes",http://pec.ac.in/sites/default/files/uploads/bog_meeting_9th.pdf
"Download Minutes",http://pec.ac.in/sites/default/files/uploads/bog_meeting_8th.pdf
"Download Minutes",http://pec.ac.in/sites/default/files/uploads/bog_meeting_7th.pdf
"Download Minutes",http://pec.ac.in/sites/default/files/uploads/bog_meeting_5th.pdf
"Download Minutes",http://pec.ac.in/sites/default/files/uploads/bog_meeting_4th.pdf
"Download Minutes",http://pec.ac.in/sites/default/files/uploads/bog_meeting_3rd.pdf
"Download Minutes",http://pec.ac.in/sites/default/files/uploads/bog_meeting_2nd.pdf
"Download Minutes",http://pec.ac.in/sites/default/files/uploads/bog_meeting_1st.pdf
"Download Minutes",https://pec.ac.in/sites/default/files/uploads/minutes_senate_86.pdf
"Download Minutes",https://pec.ac.in/sites/default/files/uploads/minutes_senate_85.pdf
"Download Minutes",https://pec.ac.in/sites/default/files/uploads/minutes_senate_84.pdf
"Download Minutes",https://pec.ac.in/sites/default/files/uploads/minutes_senate_83.pdf
"Download Minutes",https://pec.ac.in/sites/default/files/uploads/minutes_senate_82.pdf
"Download Minutes",https://pec.ac.in/sites/default/files/uploads/minutes_senate_81.pdf
"Download Minutes",https://pec.ac.in/sites/default/files/uploads/minutes_senate_80.pdf
"Download Minutes",https://pec.ac.in/sites/default/files/uploads/minutes_senate_79.pdf
"Download Minutes",http://pec.ac.in/sites/default/files/uploads/minutes_senate_78.pdf
"Download Minutes",http://pec.ac.in/sites/default/files/uploads/minutes_senate_77.pdf
"Download Minutes",http://pec.ac.in/sites/default/files/uploads/minutes_senate_76.pdf
"Download Minutes",http://pec.ac.in/sites/default/files/uploads/minutes_senate_75.pdf
"Download Minutes",http://pec.ac.in/sites/default/files/uploads/minutes_senate_74.pdf
"Download Minutes",https://pec.ac.in/sites/default/files/uploads/minutes_senate_73.pdf
"Download Minutes",https://pec.ac.in/sites/default/files/uploads/minutes_senate_72.pdf
"Download Minutes",https://pec.ac.in/sites/default/files/uploads/minutes_senate_71.pdf
"Download Minutes",https://pec.ac.in/sites/default/files/uploads/minutes_senate__69_13-12-16.pdf
"Download Minutes",https://pec.ac.in/sites/default/files/uploads/minutes_senate__68_14-10-16.pdf
"Download Minutes",https://pec.ac.in/sites/default/files/uploads/minutes_senate__67_3-6-16.pdf
"Download Minutes",https://pec.ac.in/sites/default/files/uploads/minutes_senate__66_4-3-16.pdf
"Download Minutes",https://pec.ac.in/sites/default/files/uploads/minutes_senate__65_22-12-15.pdf
"Download Minutes",https://pec.ac.in/sites/default/files/uploads/minutes_senate_64_22-9-15.pdf
"Download Minutes",https://pec.ac.in/sites/default/files/uploads/minutes_senate__63_5-8-15.pdf
"Download Minutes",https://pec.ac.in/sites/default/files/uploads/minutes_senate__62_8-6-15.pdf
"Download Minutes",https://pec.ac.in/sites/default/files/uploads/minutes_senate__61_19-5-15.pdf
"Download Minutes",https://pec.ac.in/sites/default/files/uploads/minutes_senate__60_19-2-15.pdf
"Download Minutes",https://pec.ac.in/sites/default/files/uploads/minutes_senate__59_27-11-14.pdf
"Download Minutes",https://pec.ac.in/sites/default/files/uploads/minutes_senate__58_17-7-14.pdf
"Download Minutes",https://pec.ac.in/sites/default/files/uploads/minutes_senate__57_17-6-14.pdf
"Download Minutes",https://pec.ac.in/sites/default/files/uploads/minutes_senate__56_30-4-14.pdf
"Download Minutes",https://pec.ac.in/sites/default/files/uploads/minutes_senate__55_20-12-13.pdf
"Download Minutes",https://pec.ac.in/sites/default/files/uploads/minutes_senate__54_17-9-13.pdf
"Download Minutes",https://pec.ac.in/sites/default/files/uploads/minutes_senate__53_26-6-13.pdf
"Download Minutes",https://pec.ac.in/sites/default/files/uploads/minutes_senate__52_18-6-13.pdf
"Download Minutes",https://pec.ac.in/sites/default/files/uploads/minutes_senate__51_8-1-13.pdf
"Download Minutes",http://pec.ac.in/sites/default/files/uploads/minutes_finance_committee_meeting_2.pdf
"Download Minutes",http://pec.ac.in/sites/default/files/uploads/minutes_finance_committee_meeting_1.pdf
"Click Here to Download",https://pec.ac.in/sites/default/files/uploads/office_order_daa_19-12-19%20%287%29.pdf
"Click Here to Download",https://pec.ac.in/sites/default/files/uploads/office_order_daa_19-12-19%20%2810%29.pdf
"Click Here to Download",https://pec.ac.in/sites/default/files/uploads/office_order_daa_19-12-19%20%289%29.pdf
"Click Here to Download",https://pec.ac.in/sites/default/files/uploads/office_order_daa_19-12-19%20%281%29.pdf
"Click Here to Download",https://pec.ac.in/sites/default/files/uploads/office_order_daa_19-12-19%20%286%29.pdf
"Click Here to Download",https://pec.ac.in/sites/default/files/uploads/office_order_daa_19-12-19%20%285%29.pdf
"Click Here to Download",https://pec.ac.in/sites/default/files/uploads/office_order_daa_19-12-19%20%288%29.pdf
"Click Here to Download",https://pec.ac.in/sites/default/files/uploads/office_order_daa_19-12-19%20%283%29.pdf
"Click Here to Download",https://pec.ac.in/sites/default/files/uploads/office_order_daa_19-12-19%20%284%29.pdf
"Click Here to Download",https://pec.ac.in/sites/default/files/uploads/office_order_daa_19-12-19%20%282%29.pdf
"Click Here to Download",https://pec.ac.in/sites/default/files/uploads/ss_17-18.pdf
"Click Here to Download",https://pec.ac.in/sites/default/files/uploads/ss_16-17.pdf
"Click Here to Download",https://pec.ac.in/sites/default/files/uploads/ss_15-16.pdf
"Click Here to Download",https://pec.ac.in/sites/default/files/uploads/ss_14-15.pdf
"Guidelines for Internship Training (.pdf)",https://pec.ac.in/sites/default/files/uploads/pec_guidelined_internship_2018_revised.pdf
"Guidelines for Internship Training (.pdf) (2012-14)",https://pec.ac.in/sites/default/files/uploads/guidelines_training_internship_prior_2014.pdf
"BE Rules effective from 2014 Onwards",https://pec.ac.in/sites/default/files/uploads/BE_rules_2014.pdf
"CGPA Conversion Certificate",http://pec.ac.in/sites/default/files/uploads/conversion_formula.pdf
"Consolidated DMC Certificate",http://pec.ac.in/sites/default/files/uploads/consolidated_dmc.pdf
"Performa for Industrial Tour for B.Tech 2nd Year Students",https://pec.ac.in/sites/default/files/uploads/industrial_visit_guidelines_ug.pdf
"ME Rules effective from 2014 Onwards",https://pec.ac.in/sites/default/files/uploads/ME_rules_2014.pdf
"General Guidelines for Preparation of M.E. Dissertation",http://pec.ac.in/sites/default/files/uploads/dissertaiton_guidelines.pdf
"General Guidelines for Preparation of M.E. Dissertation (Updated)",http://pec.ac.in/sites/default/files/uploads/dissertaiton_guidelines_18.pdf
"M.Tech. Industrial Visit Guidelines",https://pec.ac.in/sites/default/files/uploads/industrial_visit_guidelines_mtech.pdf
"The charges for the various documents issued by the Office of Dean Academic Affairs are revised with immediate effect.",https://pec.ac.in/sites/default/files/uploads/daa_notification_10-2-2020.pdf
iframe,https://pec.ac.in/sites/default/files/uploads/pdf/aero_14-18_0.pdf
iframe,https://pec.ac.in/sites/default/files/uploads/pdf/aero_15-19_0.pdf
iframe,https://pec.ac.in/sites/default/files/uploads/pdf/aero_syllabus_0.pdf
iframe,https://pec.ac.in/sites/default/files/uploads/pdf/civil_14-18_0.pdf
iframe,https://pec.ac.in/sites/default/files/uploads/pdf/civil_15-19_0.pdf
iframe,https://pec.ac.in/sites/default/files/uploads/pdf/civil_syllabus_19.pdf
iframe,https://pec.ac.in/sites/default/files/uploads/pdf/cse_14-18_0.pdf
iframe,https://pec.ac.in/sites/default/files/uploads/pdf/cse_15-19_0.pdf
iframe,https://pec.ac.in/sites/default/files/uploads/pdf/cse_syllabus_1.pdf
iframe,https://pec.ac.in/sites/default/files/uploads/pdf/electrical_14-18_0.pdf
iframe,https://pec.ac.in/sites/default/files/uploads/pdf/course_scheme_ee_updated_19.pdf
iframe,https://pec.ac.in/sites/default/files/uploads/pdf/electrical_syllabus_0.pdf
iframe,https://pec.ac.in/sites/default/files/uploads/pdf/ece_14-18_0.pdf
iframe,https://pec.ac.in/sites/default/files/uploads/pdf/ece_15-19_0.pdf
iframe,https://pec.ac.in/sites/default/files/uploads/pdf/ece_syllabus_0.pdf
iframe,https://pec.ac.in/sites/default/files/uploads/pdf/mech_14-18_0.pdf
iframe,https://pec.ac.in/sites/default/files/uploads/pdf/mech_15-19_0.pdf
iframe,https://pec.ac.in/sites/default/files/uploads/pdf/mech_ug_syllabus.pdf
iframe,https://pec.ac.in/sites/default/files/uploads/pdf/meta_14-18_0.pdf
iframe,https://pec.ac.in/sites/default/files/uploads/pdf/meta_15-19_0.pdf
iframe,https://pec.ac.in/sites/default/files/uploads/pdf/meta_syllabus_0.pdf
iframe,https://pec.ac.in/sites/default/files/uploads/pdf/prod_14-18_0.pdf
iframe,https://pec.ac.in/sites/default/files/uploads/pdf/civil_transport_0.pdf
iframe,https://pec.ac.in/sites/default/files/uploads/pdf/civil_transport_syllabus_0.pdf
iframe,https://pec.ac.in/sites/default/files/uploads/pdf/civil_water_resource_0.pdf
iframe,https://pec.ac.in/sites/default/files/uploads/pdf/civil_water_resource_syllabus_0.pdf
iframe,https://pec.ac.in/sites/default/files/uploads/pdf/civil_structures_0.pdf
iframe,https://pec.ac.in/sites/default/files/uploads/pdf/civil_structures_syllabus_0.pdf
iframe,https://pec.ac.in/sites/default/files/uploads/pdf/cse_0.pdf
iframe,https://pec.ac.in/sites/default/files/uploads/pdf/cse_syllabus.pdf
iframe,https://pec.ac.in/sites/default/files/uploads/pdf/cse_is_0.pdf
iframe,https://pec.ac.in/sites/default/files/uploads/pdf/cse_is_syllabus_0.pdf
iframe,https://pec.ac.in/sites/default/files/uploads/pdf/electical_0.pdf
iframe,https://pec.ac.in/sites/default/files/uploads/pdf/electical_syllabus_0.pdf
iframe,https://pec.ac.in/sites/default/files/uploads/pdf/mech_pg_syllabus.pdf
iframe,https://pec.ac.in/sites/default/files/uploads/pdf/ece_structure_me_22-8-16.pdf
iframe,https://pec.ac.in/sites/default/files/uploads/pdf/ece_syllabus_me_updated.pdf
iframe,https://pec.ac.in/sites/default/files/uploads/pdf/electronics_vlsi_0.pdf
iframe,https://pec.ac.in/sites/default/files/uploads/pdf/syllabus_me_vlsi_20-12-16.pdf
iframe,https://pec.ac.in/sites/default/files/uploads/pdf/metallurgy_0.pdf
iframe,https://pec.ac.in/sites/default/files/uploads/pdf/imm_pg_syllabus_2.pdf
iframe,https://pec.ac.in/sites/default/files/uploads/pdf/production_0.pdf
iframe,https://pec.ac.in/sites/default/files/uploads/pdf/syllabus_prod_me_9-9-16.pdf
iframe,https://pec.ac.in/sites/default/files/uploads/pdf/industrial_design_structure.pdf
iframe,https://pec.ac.in/sites/default/files/uploads/pdf/syllabus_industrial_design.pdf
"Application For Finalization Of Supervisor(S)",http://pec.ac.in/sites/default/files/uploads/Proforma-I-20-7-17.pdf
"Student Research Committee/Revised Student Research Committee",http://pec.ac.in/sites/default/files/uploads/Proforma-II-20-7-17.pdf
"Application For Courses To Be Completed",http://pec.ac.in/sites/default/files/uploads/Proforma-III-20-07-2017.pdf
"Progress Report Of Ph.D. Scholar For Autumn/Spring Semester Of The Session",http://www.pec.ac.in/sites/default/files/uploads/notices/Proforma-IV-18-07-2016.pdf
"Turnitin Report Submission form",http://www.pec.ac.in/sites/default/files/uploads/notices/Proforma-V-18-07-2016.pdf
"Request By Student For State Of Art Seminar Examination",http://www.pec.ac.in/sites/default/files/uploads/notices/Proforma-VI-18-07-2016_2.pdf
"Report on State of Art examination and Candidacy for Ph.D. Degree",http://www.pec.ac.in/sites/default/files/uploads/notices/Proforma-VII-18-07-2016.pdf
"Performa for approval of Co-Supervisor from outside institution for Ph.D. Candidate at PEC",http://www.pec.ac.in/sites/default/files/uploads/notices/Proforma-VIII-18-07-2016_2.pdf
"Final Report Of The Student Research Committee On Pre-Thesis Seminar",http://www.pec.ac.in/sites/default/files/uploads/notices/Proforma-IX-18-07-2016.pdf
"Candidate’s Declaration",http://www.pec.ac.in/sites/default/files/uploads/notices/Proforma-X-18-07-2016.pdf
"Submission Of Thesis For Doctor Of Philosphy",http://www.pec.ac.in/sites/default/files/uploads/notices/Proforma-XI-18-07-2016.pdf
"Performa for approval to be Co-Supervisor from PEC for Ph.D. candidate in outside institution",http://www.pec.ac.in/sites/default/files/uploads/notices/Proforma-XII-18-07-2016.pdf
iframe,https://pec.ac.in/sites/default/files/uploads/pdf/ugc_phd_data_pec.pdf
"Download Minutes",https://pec.ac.in/sites/default/files/uploads/minutes_iqac_22-7-19.pdf
"Download Minutes",https://pec.ac.in/sites/default/files/uploads/minutes_iqac_8-4-19.pdf
"2018",https://pec.ac.in/sites/default/files/uploads/B_Tech_Cut_Off_2018.pdf
"2019",https://pec.ac.in/sites/default/files/uploads/B_Tech_Cut_off_2019.pdf
"List of SIDs for M.Tech. 1st Year Students Admitted for Session 2020-2021",https://pec.ac.in/sites/default/files/uploads/mtech_sid_2021.pdf
"Registration Process for Newly Admitted Students",https://pec.ac.in/sites/default/files/uploads/Registration%20Process.pdf
"Academic Calendar for Newly admitted M.Tech. students",https://pec.ac.in/sites/default/files/uploads/academic%20calendar_mtech_20-21.pdf
